{
  "hash": "535e3175",
  "browserHash": "48072362",
  "optimized": {
    "@angular/common": {
      "src": "../../../../../node_modules/@angular/common/fesm2022/common.mjs",
      "file": "@angular_common.js",
      "fileHash": "772f5da5",
      "needsInterop": false
    },
    "@angular/common/http": {
      "src": "../../../../../node_modules/@angular/common/fesm2022/http.mjs",
      "file": "@angular_common_http.js",
      "fileHash": "847d175d",
      "needsInterop": false
    },
    "@angular/core": {
      "src": "../../../../../node_modules/@angular/core/fesm2022/core.mjs",
      "file": "@angular_core.js",
      "fileHash": "01a2ef70",
      "needsInterop": false
    },
    "@angular/forms": {
      "src": "../../../../../node_modules/@angular/forms/fesm2022/forms.mjs",
      "file": "@angular_forms.js",
      "fileHash": "784ecac8",
      "needsInterop": false
    },
    "@angular/platform-browser": {
      "src": "../../../../../node_modules/@angular/platform-browser/fesm2022/platform-browser.mjs",
      "file": "@angular_platform-browser.js",
      "fileHash": "2e3d5c96",
      "needsInterop": false
    },
    "@angular/router": {
      "src": "../../../../../node_modules/@angular/router/fesm2022/router.mjs",
      "file": "@angular_router.js",
      "fileHash": "039c33bd",
      "needsInterop": false
    },
    "@asymmetrik/ngx-leaflet": {
      "src": "../../../../../node_modules/@asymmetrik/ngx-leaflet/fesm2022/asymmetrik-ngx-leaflet.mjs",
      "file": "@asymmetrik_ngx-leaflet.js",
      "fileHash": "2950685b",
      "needsInterop": false
    },
    "leaflet": {
      "src": "../../../../../node_modules/leaflet/dist/leaflet-src.js",
      "file": "leaflet.js",
      "fileHash": "a8ef899e",
      "needsInterop": true
    }
  },
  "chunks": {
    "chunk-42TBTL7I": {
      "file": "chunk-42TBTL7I.js"
    },
    "chunk-TYMDE64W": {
      "file": "chunk-TYMDE64W.js"
    },
    "chunk-AR5TBFW5": {
      "file": "chunk-AR5TBFW5.js"
    },
    "chunk-DGWCA33F": {
      "file": "chunk-DGWCA33F.js"
    },
    "chunk-RJ4QILNH": {
      "file": "chunk-RJ4QILNH.js"
    },
    "chunk-STUZPFMT": {
      "file": "chunk-STUZPFMT.js"
    }
  }
}